placeholder,type,name,met
"pl","Bicycling","Bicycling, mountain, competitive racing",16.0,
"pl","Bicycling","Bicycling, BMX",8.5,
"pl","Bicycling","Bicycling, mountain, general",8.5,
"pl","Bicycling","Bicycling, mountain, uphill, vigorous",14.0,
"pl","Bicycling","Bicycling, <10 mph, leisure, to work or for pleasure (Taylor Code 115)",4.0,
"pl","Bicycling","Bicycling, to/from work, self selected pace",6.8,
"pl","Bicycling","Bicycling, on dirt or farm road, moderate pace",5.8,
"pl","Bicycling","Bicycling, general",7.0,
"pl","Bicycling","Bicycling, self-selected easy pace",4.3,
"pl","Bicycling","Bicycling, self-selected moderate pace",7.0,
"pl","Bicycling","Bicycling, self-selected vigorous pace",9.0,
"pl","Bicycling","Bicycling, leisure 5.5 mph",3.5,
"pl","Bicycling","Bicycling, leisure, 9.4 mph",5.8,
"pl","Bicycling","Bicycling, 10-11.9 mph, leisure, slow, light effort",6.8,
"pl","Bicycling","Bicycling, 12-13.9 mph, leisure, moderate effort",8.0,
"pl","Bicycling","Bicycling, 14-15.9 mph, racing or leisure, fast, vigorous effort",10.0,
"pl","Bicycling","Bicycling, 16-19 mph, racing/not drafting or >19 mph drafting, very fast, racing general",12.0,
"pl","Bicycling","Bicycling, >20 mph, racing, not drafting",16.8,
"pl","Bicycling","Bicycling, 12 mph, seated, hands on brake hoods or bar drops, 80 rpm",8.5,
"pl","Bicycling","Bicycling, 12 mph, standing, hands on brake hoods, 60 rpm",9.0,
"pl","Bicycling","Unicycling",5.0,
"pl","Bicycling","E-bike (electrically assisted) without electronic support",6.8,
"pl","Bicycling","E-bike (electrically assisted) with light electronic support",6.0,
"pl","Bicycling","E-bike (electrically assisted) with high electronic support",4.0,
"pl","Bicycling","Bicycling, stationary, general",6.8,
"pl","Bicycling","Bicycling, stationary, 25-30 watts, very light to light effort",3.5,
"pl","Bicycling","Bicycling, stationary, 50 watts, light effort",4.0,
"pl","Bicycling","Bicycling, stationary, 60 watts, light to moderate effort",5.0,
"pl","Bicycling","Bicycling, stationary, 70-80 watts",5.8,
"pl","Bicycling","Bicycling, stationary, 90-100 watts,  moderate to vigorous",6.0,
"pl","Bicycling","Bicycling, stationary, 101-125 watts",6.8,
"pl","Bicycling","Bicycling, stationary, 126-150 watts",8.0,
"pl","Bicycling","Bicycling, stationary, 151-199 watts",10.3,
"pl","Bicycling","Bicycling, stationary, 200-229 watts, vigorous",10.8,
"pl","Bicycling","Bicycling, stationary, 230-250 watts, very vigorous",12.5,
"pl","Bicycling","Bicycling, stationary, 270-305 watts, very vigorous",13.8,
"pl","Bicycling","Bicycling, stationary, >325 watts, very vigorous",16.3,
"pl","Bicycling","Bicycling, concentric only, 100 W",5.5,
"pl","Bicycling","Bicycling, concentric only, 200 W",11.0,
"pl","Bicycling","Bicycling, eccentric only, 100 to 149 W",2.3,
"pl","Bicycling","Bicycling, eccentric only, 200 W",4.0,
"pl","Bicycling","Bicycling, stationary, RPM/Spin bike class",9.0,
"pl","Bicycling","Bicycling, interactive virtual cycling, indoor cycle ergometer ",8.8,
"pl","Bicycling","Bicycling, high intensity interval training",8.8,
"pl","Conditioning Exercise","Aerobic, general ",7.3,
"pl","Conditioning Exercise","Aerobic, step, with 4-inch step ",5.5,
"pl","Conditioning Exercise","Aerobic, step, with 6 – 8 inch step ",7.3,
"pl","Conditioning Exercise","Aerobic, step, with 10 – 12 inch step ",9.0,
"pl","Conditioning Exercise","Bench step class, general ",7.8,
"pl","Conditioning Exercise","Aerobic dance, low impact, moderate effort ",4.8,
"pl","Conditioning Exercise","Aerobic dance, high impact, vigorous effort ",8.0,
"pl","Conditioning Exercise","Aerobic dance wearing 10-15 lb weights ",10.0,
"pl","Conditioning Exercise","Army type obstacle course exercise, boot camp training program",5.0,
"pl","Conditioning Exercise","Calisthenics (e.g., pushups, sit ups, pull-ups, jumping jacks, burpees, battling ropes), vigorous effort",7.5,
"pl","Conditioning Exercise","Calisthenics (e.g., pushups, sit ups, pull-ups, lunges), moderate effort",3.8,
"pl","Conditioning Exercise","Calisthenics (e.g., curl ups, abdominal crunches, plank),  light effort",2.8,
"pl","Conditioning Exercise","Calisthenics, light or moderate effort, general (e.g., back exercises), going up & down from floor (Taylor Code 150)",3.5,
"pl","Conditioning Exercise","Circuit training, body weight exercises",6.0,
"pl","Conditioning Exercise","Circuit training, light effort",3.5,
"pl","Conditioning Exercise","Circuit training, moderate effort",5.0,
"pl","Conditioning Exercise","Circuit training, including kettlebells, some aerobic movement with minimal rest, general, vigorous intensity",7.5,
"pl","Conditioning Exercise","Curves™ exercise routines in women",3.5,
"pl","Conditioning Exercise","Elliptical trainer, moderate effort",5.0,
"pl","Conditioning Exercise","Elliptical trainer, vigorous effort",9.0,
"pl","Conditioning Exercise","Resistance (weight lifting - free weight, nautilus or universal-type), power lifting or body building, vigorous effort (Taylor Code 210)",6.0,
"pl","Conditioning Exercise","Resistance (weight) training, squats, deadlift, slow or explosive effort",5.0,
"pl","Conditioning Exercise","Resistance (weight) training, multiple exercises, 8-15 reps at varied resistance",3.5,
"pl","Conditioning Exercise","Resistance Training, circuit, reciprocol supersets, peripheral hear action training",5.8,
"pl","Conditioning Exercise","Body weight resistance exercises (e.g., squat, lunge, push-up, crunch), general",3.0,
"pl","Conditioning Exercise","Body weight resistance exercises (e.g., squat, lunge, push-up, crunch), high intensity",6.5,
"pl","Conditioning Exercise","Kettle bell swings",9.8,
"pl","Conditioning Exercise","Health club exercise, general (Taylor Code 160)",5.5,
"pl","Conditioning Exercise","Health club exercise classes general, gym/weight training combined in one visit",5.0,
"pl","Conditioning Exercise","Health club exercise, conditioning classes",7.8,
"pl","Conditioning Exercise","Home exercise, general",3.8,
"pl","Conditioning Exercise","Stair treadmill ergometer, general",9.3,
"pl","Conditioning Exercise","Rope skipping exercise, general",11.0,
"pl","Conditioning Exercise","Jumping rope, Digi-Jump Maching, 120 jumps/minute",9.0,
"pl","Conditioning Exercise","Rowing, stationary ergometer, general, vigorous effort",7.3,
"pl","Conditioning Exercise","Rowing, stationary ergometer, general, <100 watts,  moderate effort",5.0,
"pl","Conditioning Exercise","Rowing, stationary, 100 to 149 watts, vigorous effort",7.5,
"pl","Conditioning Exercise","Rowing, stationary, 150 to 199 watts, vigorous effort",11.0,
"pl","Conditioning Exercise","Rowing, stationary, ≥ 200 watts, very vigorous effort",14.0,
"pl","Conditioning Exercise","Shuttle running, forward/backward/lateral",11.0,
"pl","Conditioning Exercise","Ski machine, general",6.8,
"pl","Conditioning Exercise","Ski ergometer, cross country, double poling, slow to moderate speed",10.5,
"pl","Conditioning Exercise","Ski ergometer, cross country, double poling, fast to maximum speed",18.0,
"pl","Conditioning Exercise","Slide board exercise, general",10.5,
"pl","Conditioning Exercise","Slimnastics, jazzercise",6.0,
"pl","Conditioning Exercise","Stretching, mild",2.3,
"pl","Conditioning Exercise","Pilates, traditional, mat ",1.8,
"pl","Conditioning Exercise","Pilates, general",2.8,
"pl","Conditioning Exercise","Pound, combination of Pilates and body movements with drumming",8.5,
"pl","Conditioning Exercise","Pole dancing, exercise class",4.5,
"pl","Conditioning Exercise","Teaching exercise classes (e.g., aerobic, water)",6.8,
"pl","Conditioning Exercise","Therapeutic exercise ball, Fitball exercise",2.8,
"pl","Conditioning Exercise","Therapeutic exercise ball, Fitball exercise, high intensity",9.5,
"pl","Conditioning Exercise","Upper body exercise, arm ergometer, general, light",2.8,
"pl","Conditioning Exercise","Arm Ergometer, hand bike, 15W",2.0,
"pl","Conditioning Exercise","Arm Ergometer, hand bike, 25-30W",2.8,
"pl","Conditioning Exercise","Arm Ergometer, hand bike, 45W",3.5,
"pl","Conditioning Exercise","Upper body exercise, stationary bicycle - Airdyne (arms only) 40 rpm, moderate intensity",4.3,
"pl","Conditioning Exercise","Water aerobics, water calisthenics, water exercise",5.3,
"pl","Conditioning Exercise","Whirlpool, sitting",1.3,
"pl","Conditioning Exercise","Video, exercise workouts, TV conditioning programs (e.g., yoga, stretching, seated), light effort",2.5,
"pl","Conditioning Exercise","Video, exercise workouts, TV conditioning programs (e.g., cardio-resistance training), moderate",4.0,
"pl","Conditioning Exercise","Video, exercise workouts, TV conditioning programs (e.g., cardio-resistance training), vigorous",6.0,
"pl","Conditioning Exercise","Yoga, Hatha",2.3,
"pl","Conditioning Exercise","Yoga, Hatha, high intensity",8.0,
"pl","Conditioning Exercise","Yoga, Hot",3.0,
"pl","Conditioning Exercise","Yoga, Power",4.0,
"pl","Conditioning Exercise","Yoga, Nadisodhana",2.0,
"pl","Conditioning Exercise","Yoga, General",2.3,
"pl","Conditioning Exercise","Yoga, Surya Namaskar",3.5,
"pl","Conditioning Exercise","Yoga, Vinyasa",2.7,
"pl","Conditioning Exercise","Native New Zealander PA, (e.g., Haka Powhiri, Poi, Moteatea, etc.), general moderate effort",5.3,
"pl","Conditioning Exercise","Native New Zealander PA, general, vigorous effort",6.8,
"pl","Conditioning Exercise","High intensity interval exercise,  moderate effort",7.0,
"pl","Conditioning Exercise","High intensity interval exercise,  burpees, mountain climbers, squat jumps, Tabata, vigorous effort",11.0,
"pl","Conditioning Exercise","Balance Exercise Assist Robot (BEAR), simulated skiing, tennis, rodeo",2.3,
"pl","Conditioning Exercise","Hooping (formerly known as hula® hooping)",5.8,
"pl","Conditioning Exercise","Impulse Training System, Inertial Exercise Trainer",9.0,
"pl","Conditioning Exercise","Virtual Reality Fitness,  Supernatural™ “Flow”, “Boxing" vigorous intensity",7.9,
"pl","Conditioning Exercise","ExerCube, workout series",9.3,
"pl","Conditioning Exercise","Blackbox Immersive virtual reality exergaming system, vigorous intensity",13.0,
"pl","Conditioning Exercise","Wand exercise, Life-Build-Line",3.0,
"pl","Conditioning Exercise","Zumba, group class",6.5,
"pl","Conditioning Exercise","Zumba, home video",5.5,
"pl","Conditioning Exercise","Sit to stand exercise, 6-12 times/min",2.8,
"pl","Conditioning Exercise","Sit to stand exercise, 18-24 times/min",4.0,
"pl","Fishing & Hunting","Fishing, general",3.5,
"pl","Fishing & Hunting","Fishing, crab fishing",4.5,
"pl","Fishing & Hunting","Fishing, catching fish with hands",4.0,
"pl","Fishing & Hunting","Fishing related, digging worms, with shovel",4.3,
"pl","Fishing & Hunting","Fishing from river bank and walking",4.0,
"pl","Fishing & Hunting","Fishing from boat or canoe, sitting",2.0,
"pl","Fishing & Hunting","Fishing from river bank, standing (Taylor Code 660)",3.5,
"pl","Fishing & Hunting","Fishing in stream, in waders (Taylor Code 670)",6.0,
"pl","Fishing & Hunting","Fishing, ice, sitting",2.0,
"pl","Fishing & Hunting","Fishing, jig or line, standing, general",1.8,
"pl","Fishing & Hunting","Fishing, dip net, setting net and retrieving fish, general",3.5,
"pl","Fishing & Hunting","Fishing, set net, setting net and retrieving fish, general",3.8,
"pl","Fishing & Hunting","Fishing, fishing wheel, setting net and retrieving fish, general",3.0,
"pl","Fishing & Hunting","Fishing with a spear, standing",2.3,
"pl","Fishing & Hunting","Hunting, bow and arrow or crossbow",2.5,
"pl","Fishing & Hunting","Hunting, deer, elk, large game (Taylor Code 170)",6.0,
"pl","Fishing & Hunting","Hunting large game, dragging carcass",9.8,
"pl","Fishing & Hunting","Hunting large marine animals",4.0,
"pl","Fishing & Hunting","Hunting, large game from a hunting stand, limited walking",2.5,
"pl","Fishing & Hunting","Hunting large game from a car, plane, or boat",2.0,
"pl","Fishing & Hunting","Hunting, duck, wading",2.5,
"pl","Fishing & Hunting","Hunting flying fox, squirrel",3.0,
"pl","Fishing & Hunting","Hunting, general",5.0,
"pl","Fishing & Hunting","Hunting, pheasants or grouse (Taylor Code 680)",6.0,
"pl","Fishing & Hunting","Hunting birds",3.3,
"pl","Fishing & Hunting","Hunting, rabbit, squirrel, prairie chick, raccoon, small game (Taylor Code 690)",5.0,
"pl","Fishing & Hunting","Hunting pigs, wild",3.3,
"pl","Fishing & Hunting","Trapping game, general",2.0,
"pl","Fishing & Hunting","Hunting - hiking with hunting gear",9.5,
"pl","Fishing & Hunting","Pistol shooting or trap shooting, standing",2.5,
"pl","Fishing & Hunting","Rifle exercises, shooting, lying down",2.3,
"pl","Fishing & Hunting","Rifle exercises, shooting, kneeling or standing",2.5,
"pl","Fishing & Hunting","Foraging, 0-9.9kg backpack",2.8,
"pl","Fishing & Hunting","Foraging, 10-15kg backpack",3.0,
"pl","Fishing & Hunting","Sitting in boat, passenger",1.0,
"pl","Fishing & Hunting","Standing in boat",1.5,
"pl","Fishing & Hunting","Activities in a boat, lifting, lowering",3.3,
"pl","Miscellaneous","Board game playing, sitting",1.3,
"pl","Miscellaneous","Casino gambling, standing",2.5,
"pl","Miscellaneous","Card playing, sitting",1.5,
"pl","Miscellaneous","Chess game, sitting",1.5,
"pl","Miscellaneous","Copying or filing documents, standing",1.5,
"pl","Miscellaneous","Drawing, writing, painting, standing",1.8,
"pl","Miscellaneous","Laughter, sitting",1.0,
"pl","Miscellaneous","Sitting: reading, book, newspaper, magazine",1.0,
"pl","Miscellaneous","sitting, typing or reading on a balance chair/stability ball",1.8,
"pl","Miscellaneous","watching tv, stepping during commercial breaks",2.0,
"pl","Miscellaneous","Sitting: writing, desk work, typing",1.3,
"pl","Miscellaneous","Standing:  talking in person, on the phone, computer, text messaging, writing",1.3,
"pl","Miscellaneous","Sitting: talking in person, on the phone, computer, or  text messaging, light effort",1.3,
"pl","Miscellaneous","Sitting - studying, general, including reading and/or writing, light effort",1.5,
"pl","Miscellaneous","Sitting - in class, general, including note-taking or class discussion",1.8,
"pl","Miscellaneous","Standing - reading",1.0,
"pl","Miscellaneous","Standing: miscellaneous",2.5,
"pl","Miscellaneous","Sitting: arts and crafts, carving wood, weaving, spinning wool, light effort",1.8,
"pl","Miscellaneous","Sitting: arts and crafts, carving wood, weaving, spinning wool, moderate effort",3.0,
"pl","Miscellaneous","Standing: arts and crafts, sand painting, carving, weaving, light effort",2.5,
"pl","Miscellaneous","Standing - arts and crafts, sand painting, carving, weaving, moderate effort",3.3,
"pl","Miscellaneous","Standing - arts and crafts, sand painting, carving, weaving, vigorous effort",3.5,
"pl","Miscellaneous","Retreat/family reunion activities involving sitting, relaxing, talking, eating",1.5,
"pl","Miscellaneous","Retreat/family reunion activities involving playing games with children",2.5,
"pl","Miscellaneous","Touring/traveling/vacation involving  riding in vehicle",2.0,
"pl","Miscellaneous","Touring/traveling/vacation involving walking",3.5,
"pl","Miscellaneous","Camping involving standing, walking, sitting, light-to-moderate effort",2.5,
"pl","Miscellaneous","Sitting at a sporting event, spectator",1.5,
"pl","Running","Jog/walk combination (jogging component of less than 10 minutes) (Taylor Code 180)",6.0,
"pl","Running","Jogging, general, self-selected pace",7.5,
"pl","Running","Jogging, in place",4.8,
"pl","Running","Jogging 2.6 to 3.7 mph",3.3,
"pl","Running","Jogging on a mini-tramp",4.5,
"pl","Running","Running, 4 to 4.2 mph (13 min/mile)",6.5,
"pl","Running","Running 4.3 to 4.8 mph",7.8,
"pl","Running","Running, 5.0 to 5.2 mph (12 min/mile)",8.5,
"pl","Running","Running, 5.5 -5.8 mph ",9.0,
"pl","Running","Running, 6-6.3 mph (10 min/mile)",9.3,
"pl","Running","Running, 6.7 mph (9 min/mile)",10.5,
"pl","Running","Running, 7 mph (8.5 min/mile)",11.0,
"pl","Running","Running, 7.5 mph (8 min/mile)",11.8,
"pl","Running","Running, 8 mph (7.5 min/mile)",12.0,
"pl","Running","Running, 8.6 mph (7 min/mile)",12.5,
"pl","Running","Running, 9 mph (6.5 min/mile)",13.0,
"pl","Running","Running, 9.3 to 9.6 mph",14.8,
"pl","Running","Running, 10 mph (6 min/mile)",14.8,
"pl","Running","Running, 11 mph (5.5 min/mile)",16.8,
"pl","Running","Running, 12 mph (5.0 min/mile)",18.5,
"pl","Running","Running, 13 mph (4.6 min/mile)",19.8,
"pl","Running","Running, 14 mph (4.3 min/mile)",23.0,
"pl","Running","Running, cross country",9.3,
"pl","Running","Running, self-selected pace",10.5,
"pl","Running","Running (Taylor Code 200)",8.0,
"pl","Running","Running, stairs, up",15.0,
"pl","Running","Running, on a track, team practice",10.0,
"pl","Running","Running, on track, 500-1500m, competitive",18.0,
"pl","Running","Running, on track, 2000-3000m, competitive",19.3,
"pl","Running","Running, training, pushing a wheelchair or baby carrier",8.0,
"pl","Running","Running, marathon",13.3,
"pl","Running","Running uphill, 4.5mph, 5% incline",10.3,
"pl","Running","Running uphill, 6.0 mph, 5% incline",13.3,
"pl","Running","Running uphill, 7.0 mph, 5% incline",15.5,
"pl","Running","Running uphill, 5.0 to 5.9 mph, 15% incline",17.5,
"pl","Running","Running uphill, 0.6 to 0.79 mph, 30% incline",8.8,
"pl","Running","Running uphill, 0.8 to 0.99 mph, 30% incline",10.3,
"pl","Running","Running uphill, 1.0 to 1.19 mph, 30% incline",11.8,
"pl","Running","Running uphill, 1.2 to 1.39 mph, 30-40% incline",13.5,
"pl","Running","Running uphill, 1.4 to 1.59 mph, 30% incline",14.8,
"pl","Running","Running uphill, >1.6mph, 10-30% incline",16.3,
"pl","Running","Running, hilly terrain, ±100m change in elevation ",16.0,
"pl","Running","Running downhill, 5.0 to 5.9 mph, -10% to -15%",5.8,
"pl","Running","Running downhill, 6.0 to 6.9 mph, -10% to -15%",7.5,
"pl","Running","Running downhill, 7.0 to 8.9 mph, -10% to -15%",9.0,
"pl","Running","Running downhill, 6.0 to 7.9 mph, -3% to -9%",9.3,
"pl","Running","Running downhill, 8.0 to 10.5 mph, -3% to -9%",13.8,
"pl","Running","Running/jogging, curved treadmill, 3.0 to 3.9 mph",5.3,
"pl","Running","Running/jogging, curved treadmill, 4.0 to 4.9 mph",6.5,
"pl","Running","Running curved treadmill, 5.0 to 5.9 mph",11.0,
"pl","Running","Running curved treadmill, 7.0 to 7.9 mph",12.0,
"pl","Running","Running curved treadmill, 8.0 to 8.9 mph",14.0,
"pl","Running","Running curved treadmill, 9.0 to 9.9 mph",16.8,
"pl","Running","Running, 5.0 - 5.9 mph, 1.0 to 3.0 kg backpack",8.5,
"pl","Running","Running, 6.0 - 6.9 mph, 1.0 to 3.0 kg backpack",9.5,
"pl","Running","Running, 7.0 - 7.9 mph, 1.0 to 3.0 kg backpack",9.8,
"pl","Running","Running, 8.0 - 8.9 mph, 1.0 to 3.0 kg backpack",12.0,
"pl","Running","Running, barefoot, 3.5-5.9 mph",7.8,
"pl","Running","Running, barefoot, 6.0-7.9 mph",12.0,
"pl","Running","Running, barefoot, 8.0-8.9 mph",13.5,
"pl","Running","Running, jogging stroller, indoors, 5 mph",8.0,
"pl","Running","Running, jogging stroller, indoors, 6 mph",9.0,
"pl","Running","Running, jogging stroller, outdoors, 5 mph",10.0,
"pl","Running","Running, jogging stroller, outdoors, 6 mph",11.5,
"pl","Running","Skipping, 5.5-6.0 mph",11.5,
"pl","Running","Triathlon, Running",13.0,
"pl","Sports","Alaska Native Games, Eskimo Olympics, general",5.5,
"pl","Sports","Archery (non-hunting)",4.3,
"pl","Sports","Badminton, competitive (Taylor Code 450)",7.0,
"pl","Sports","Badminton, competitive, match play",9.0,
"pl","Sports","Badminton, social singles and doubles, general",5.5,
"pl","Sports","Basketball, game (Taylor Code 490)",8.0,
"pl","Sports","Basketball, non-game, general (Taylor Code 480)",6.0,
"pl","Sports","Basketball, general",7.5,
"pl","Sports","Basketball, officiating (Taylor Code 500)",7.0,
"pl","Sports","Basketball, officiating",5.8,
"pl","Sports","Basketball, shooting baskets",5.0,
"pl","Sports","Basketball, drills, practice",9.3,
"pl","Sports","Billiards",2.5,
"pl","Sports","Bowling (Taylor Code 390)",3.0,
"pl","Sports","Bowling, indoor, bowling alley",3.8,
"pl","Sports","Boxing, in ring, general",12.3,
"pl","Sports","Boxing, punching bag",5.8,
"pl","Sports","Boxing, punching bag, 60 b/min",7.0,
"pl","Sports","Boxing, punching bag, 120 b/min",8.5,
"pl","Sports","Boxing, punching bag, 180 b/min",10.8,
"pl","Sports","Boxing, sparring",7.8,
"pl","Sports","Boxing, simulated boxing round, exercise",9.3,
"pl","Sports","Broomball",7.0,
"pl","Sports","Children’s games, adults playing  (e.g., hopscotch, 4-square, dodge ball, playground apparatus, t-ball,  tetherball, marbles, jacks, arcade games), moderate effort",5.8,
"pl","Sports","Cheerleading, gymnastic moves, competitive",6.0,
"pl","Sports","Coaching, football, soccer, basketball, baseball, swimming, etc.",4.0,
"pl","Sports","Coaching, actively playing sport with players",8.0,
"pl","Sports","Cricket, batting, bowling, fielding",4.8,
"pl","Sports","Croquet",3.3,
"pl","Sports","Curling",4.0,
"pl","Sports","Darts, wall or lawn",2.5,
"pl","Sports","Drag racing, pushing or driving a car",6.0,
"pl","Sports","Auto racing, open wheel",8.5,
"pl","Sports","Futsal",7.8,
"pl","Sports","Fencing, general",6.0,
"pl","Sports","Fencing, epee, competitive",9.8,
"pl","Sports","Floorball",10.5,
"pl","Sports","Football, competitive",8.0,
"pl","Sports","Football, touch, flag, general (Taylor Code 510)",8.0,
"pl","Sports","Football, touch, flag, light effort",4.0,
"pl","Sports","Football or baseball, playing catch",2.5,
"pl","Sports","Frisbee playing, general",3.0,
"pl","Sports","Frisbee, ultimate",8.0,
"pl","Sports","Frisbee golf",3.8,
"pl","Sports","Golf, general",4.5,
"pl","Sports","Golf, walking, carrying clubs",4.3,
"pl","Sports","Golf, miniature, driving range",3.5,
"pl","Sports","Golf, walking, pulling clubs",4.5,
"pl","Sports","Golf, using power cart (Taylor Code 070)",3.5,
"pl","Sports","Gymnastics, general",3.8,
"pl","Sports","Hacky sack",4.0,
"pl","Sports","Handball, general (Taylor Code 520)",12.0,
"pl","Sports","Handball, team",8.0,
"pl","Sports","High ropes course, multiple elements",4.0,
"pl","Sports","Hang gliding",3.5,
"pl","Sports","Hockey, field",7.8,
"pl","Sports","Hockey, ice, general",8.0,
"pl","Sports","Hockey, ice, competitive",10.0,
"pl","Sports","Horseback riding, general",5.5,
"pl","Sports","Horse grooming, maintenance, saddling tasks",4.5,
"pl","Sports","Horseback riding, trotting",5.8,
"pl","Sports","Horseback riding, canter or gallop",7.3,
"pl","Sports","Horseback riding, walking",3.8,
"pl","Sports","Horseback riding, jumping",9.0,
"pl","Sports","Horseback riding, reining",6.0,
"pl","Sports","Horseback riding, simulator",2.1,
"pl","Sports","Horse cart, driving, standing or sitting",1.8,
"pl","Sports","Horseshoe pitching, quoits",3.0,
"pl","Sports","Jai alai",12.0,
"pl","Sports","Martial Arts, different types, slower pace, novice performers, practice",5.3,
"pl","Sports","Martial Arts, different types, moderate pace (e.g., judo, jujitsu, karate, kick boxing, tae kwon do, tai-bo, Muay Thai boxing)",10.3,
"pl","Sports","Taekwondo, combat simulation",14.3,
"pl","Sports","Judo ",11.3,
"pl","Sports","Juggling",4.0,
"pl","Sports","Kendo, kihon-keiko style, moderate intensity",6.5,
"pl","Sports","Kendo, kirikaeshi style, high intensity",9.6,
"pl","Sports","Kendo, kakari keiko style, very high intensity",11.3,
"pl","Sports","Kickball",7.0,
"pl","Sports","Kung Fu Gymnastics",5.5,
"pl","Sports","Kickboxing",7.3,
"pl","Sports","Lacrosse",8.0,
"pl","Sports","Lawn bowling, bocce ball, outdoor",3.3,
"pl","Sports","Motocross, off-road motor sports, all-terrain vehicle, general",4.0,
"pl","Sports","Motorcycle racing, Supormoto racing",5.3,
"pl","Sports","Netball",7.0,
"pl","Sports","Orienteering",9.0,
"pl","Sports","Paddleball, competitive",10.0,
"pl","Sports","Paddleball, casual, general (Taylor Code 460)",6.0,
"pl","Sports","Paragliding, moderate altitude",1.8,
"pl","Sports","Prusik climbing",6.5,
"pl","Sports","Polo, on horseback",8.0,
"pl","Sports","Racquetball, competitive",10.0,
"pl","Sports","Race Walking, 3.1 m/s (6.9 mph)",10.3,
"pl","Sports","Race Walking, 3.7 m/s (8.3 mph)",13.8,
"pl","Sports","Race Walking, racing speed, 4.0 m/s (8.95 mph)",15.5,
"pl","Sports","Racquetball, general (Taylor Code 470)",7.0,
"pl","Sports","Rock or mountain climbing (Taylor Code 060), (formerly code 17120)",8.0,
"pl","Sports","Rock climbing, free boulder",8.8,
"pl","Sports","Rock climbing, ascending rock, high difficulty",7.3,
"pl","Sports","Rock climbing, speed climbing, very difficult",10.5,
"pl","Sports","Rock climbing, ascending or traversing rock, low-to-moderate difficulty",5.8,
"pl","Sports","Rock climbing, treadwall, 4-6 m/min",10.5,
"pl","Sports","Rock climbing, treadwall, 7-10 m/min",10.5,
"pl","Sports","Rock climbing, rappelling,",5.0,
"pl","Sports","Rodeo sports, general, light effort",4.0,
"pl","Sports","Rodeo sports, general, moderate effort",5.5,
"pl","Sports","Rodeo sports, general, vigorous effort",7.0,
"pl","Sports","Rope jumping, fast pace, 120-160 skips/min",12.3,
"pl","Sports","Rope jumping, moderate pace, general, 100 to 120 skips/min, 2 foot skip, plain bounce",11.8,
"pl","Sports","Rope jumping, slow pace, < 100 skips/min, 2 foot skip, rhythm bounce",8.3,
"pl","Sports","Rope jumping, double under or more",10.0,
"pl","Sports","Rugby, union, team, competitive",8.3,
"pl","Sports","Rugby, touch, non-competitive",6.3,
"pl","Sports","Shuffleboard",3.0,
"pl","Sports","Skateboarding, general, moderate effort",5.0,
"pl","Sports","Skateboarding, competitive, vigorous effort",6.0,
"pl","Sports","Skating, roller (Taylor Code 360)",7.0,
"pl","Sports","Roller blading, in-line skating, 14.4 km/h (9.0 mph), recreational pace",7.5,
"pl","Sports","Roller blading, in-line skating, 17.7 km/h (11.0 mph), moderate pace, exercise training",9.8,
"pl","Sports","Roller blading, in-line skating, 21.0 to 21.7 km/h (13.0 to 13.6 mph), fast pace, exercise training",12.3,
"pl","Sports","Rollerblading, in-line skating, 24.0 km/h (15.0 mph), maximal effort",15.5,
"pl","Sports","Skateboard, longboard, 13.3 km/h, slow speed",6.8,
"pl","Sports","Skateboard, longboard, 16.2 km/h, typical speed",8.3,
"pl","Sports","Skateboard, longboard, 18.4 km/h, fast speed",10.5,
"pl","Sports","Skydiving, base-jumping, bungee jumping",3.5,
"pl","Sports","Soccer, competitive",9.5,
"pl","Sports","Soccer, casual, general (Taylor Code 540)",7.0,
"pl","Sports","Walking football/soccer",3.5,
"pl","Sports","Softball or baseball, fast or slow pitch, general, moderate effort (Taylor Code 440)",5.0,
"pl","Sports","Softball, practice",4.0,
"pl","Sports","Softball, officiating",4.0,
"pl","Sports","Softball, pitching",6.0,
"pl","Sports","Sports spectator, very excited, emotional, physically moving",3.3,
"pl","Sports","Squash (Taylor Code 530)",12.0,
"pl","Sports","Squash, general",7.3,
"pl","Sports","Table tennis, ping pong (Taylor Code 410)",4.0,
"pl","Sports","Tai chi, qi gong, general",3.3,
"pl","Sports","Tai chi, qi gong, sitting, light effort",1.5,
"pl","Sports","Tai chi chuan, Yang style",6.0,
"pl","Sports","Tennis, general, moderate effort",6.8,
"pl","Sports","Tennis, general, competitive",8.0,
"pl","Sports","Tennis, doubles (Taylor Code 430)",6.0,
"pl","Sports","Tennis, doubles",4.5,
"pl","Sports","Tennis, singles (Taylor Code 420)",8.0,
"pl","Sports","Tennis, hitting balls, non-game play, moderate effort",5.0,
"pl","Sports","Trampoline, recreational",6.3,
"pl","Sports","Trampoline, competitive",10.3,
"pl","Sports","Volleyball (Taylor Code 400)",4.0,
"pl","Sports","Volleyball, competitive, in gymnasium",6.0,
"pl","Sports","Volleyball, non-competitive, 6 - 9 member team, general",3.0,
"pl","Sports","Volleyball, beach, in sand",8.0,
"pl","Sports","Wrestling, competitive (one match = 5 minutes)",6.0,
"pl","Sports","Wallyball, general",7.0,
"pl","Sports","Track and field (e.g., shot, discus, hammer throw)",4.0,
"pl","Sports","Track and field (e.g., high jump, long jump, triple jump, javelin, pole vault)",6.0,
"pl","Sports","Track and field (e.g., steeplechase, hurdles)",10.0,
"pl","Walking","Backpacking (Taylor Code 050)",7.0,
"pl","Walking","Walking with a day pack, level ground, assumed in the city",3.5,
"pl","Walking","Backpacking,  hiking with a daypack, organized walking with daypack",7.8,
"pl","Walking","Carrying 5 to 14 lb (2.3 to 6.4 kg) load (e.g. suitcase, boxes, groceries), level ground, moderate pace ",4.0,
"pl","Walking","Carrying 15 - 155 lb (6.8 - 70.4 kg) load (e.g. suitcase, boxes, furniture), level ground or downstairs, slow pace",4.5,
"pl","Walking","Carrying 50 to 150 pound load (e.g., equine or bovine feed, fence pipes, furniture), level ground, moderate pace",6.5,
"pl","Walking","Carrying ~10 lb child, slow walking",2.3,
"pl","Walking","Carrying load upstairs, general",8.3,
"pl","Walking","Carrying load, 1 to 15 lb load, upstairs",5.5,
"pl","Walking","Carrying load, 16 to 24 lb load, upstairs",6.0,
"pl","Walking","Carrying load, 25 to 49 lb load, upstairs",8.0,
"pl","Walking","Carrying load, 50 to 74 lb load, upstairs",10.0,
"pl","Walking","Carrying load, >74 lb load, upstairs",12.0,
"pl","Walking","Loading  and/or unloading a car, implied walking",3.8,
"pl","Walking","Climbing hills, no load, 5 to 20% grade, very slow pace",5.0,
"pl","Walking","Climbing hills, 15-50 lb load, 1 to 2% grade, slow pace",3.8,
"pl","Walking","Climbing hills, no load, 1 to 5% grade, moderate-to-brisk pace",5.3,
"pl","Walking","Climbing hills, no load, 6 to 10% grade, moderate-to-brisk pace",7.0,
"pl","Walking","Climbing hills, no load, 11 to 20% grade, slow-to-moderate pace",8.8,
"pl","Walking","Climbing hills, no load, 4.0 to 5.0 mph, 3 to 5% grade, very fast pace",10.0,
"pl","Walking","Climbing hills, no load, steep grade (30%), slow pace (less than 1.2 mph)",8.5,
"pl","Walking","Climbing hills, no load, very steep grade (30-40%), 1.2 to 1.8 mph",15.5,
"pl","Walking","Climbing hills, no load, steep grade (10-40%), 1.8 to 5.0 mph",16.3,
"pl","Walking","Climbing hills, 10 to 20 lb load, 5 to 10% grade, moderate ",6.5,
"pl","Walking","Climbing hills, 21 to 40 lb load, 3 to 10% grade, moderate-to-brisk pace",7.5,
"pl","Walking","Climbing hills, 20+ pound load, 5 to 20% grade, moderate to brisk pace",10.0,
"pl","Walking","Descending stairs",3.5,
"pl","Walking","Hauling water, head hauling, walking on flat surface",4.5,
"pl","Walking","Hiking, cross country (Taylor Code 040)",6.0,
"pl","Walking","Hiking slowly or ambling through fields and hillsides, no load ",3.8,
"pl","Walking","Hiking or walking at a normal pace through fields and hillsides, no load",5.3,
"pl","Walking","Bird watching, walking and stopping",2.5,
"pl","Walking","Marching, moderate speed, military, no pack",4.5,
"pl","Walking","Marching rapidly, military, no pack",8.0,
"pl","Walking","Pushing or pulling stroller with child or walking with children, 2.5 to 3.1 mph",3.8,
"pl","Walking","Pushing a wheelchair, non-occupational",3.8,
"pl","Walking","Race walking",6.5,
"pl","Walking","Stair climbing, using or climbing up ladder (Taylor Code 030)",8.0,
"pl","Walking","Stair climbing, general ",6.8,
"pl","Walking","Stair climbing, slow pace",4.5,
"pl","Walking","Stair climbing, fast pace, one step at a time",9.3,
"pl","Walking","Stair climbing, two steps at a time",7.5,
"pl","Walking","Stair climbing, ascending and descending stairs",7.5,
"pl","Walking","Using crutches, level ground, general ",4.5,
"pl","Walking","Using crutches, fast pace",7.0,
"pl","Walking","Using medical knee scooter",4.3,
"pl","Walking","Walking, household",2.3,
"pl","Walking","Walking, less than 2.0 mph, level, strolling, very slow",2.3,
"pl","Walking","Walking, 2.0 to 2.4 mph, level, slow pace, firm surface",2.8,
"pl","Walking","Walking for pleasure (Taylor Code 010)",3.5,
"pl","Walking","Walking from house to car or bus, from car or bus to go places, from car or bus to and from the worksite",2.5,
"pl","Walking","Walking to neighbor’s house or family’s house for social reasons",2.5,
"pl","Walking","Walking the dog",3.0,
"pl","Walking","Walking, 2.5 mph, firm, level surface",3.0,
"pl","Walking","Walking, 2.5 mph, downhill",3.3,
"pl","Walking","Walking, 2.8 to 3.4 mph, level, moderate pace, firm surface",3.8,
"pl","Walking","Walking, 3.5 to 3.9 mph, level, brisk, firm surface, walking for exercise",4.8,
"pl","Walking","Walking, 4.0 to 4.4 mph (6.4 to 7.0 km/h), level, firm surface, very brisk pace",5.5,
"pl","Walking","Walking, 4.5 to 4.9 mph, level, firm surface, very, very brisk",7.0,
"pl","Walking","Walking, 5.0 to 5.5 mph (8.8 to 8.9 km/h), level, firm surface",8.5,
"pl","Walking","Walking, for pleasure, work break (Taylor Code xxx)",3.5,
"pl","Walking","Walking, self-selected speed, indoor track or outdoors, firm surface",4.0,
"pl","Walking","Walking, grass track",4.8,
"pl","Walking","Walking, normal pace, plowed field or sand",4.5,
"pl","Walking","Walking, to work or class (Taylor Code 015)",4.0,
"pl","Walking","Walking, to and from an outhouse",2.5,
"pl","Walking","Walking, for exercise, 2.5 to 3.5 mph (4.0 to 5.6 km/h), with ski poles, Nordic walking, level, moderate pace",4.3,
"pl","Walking","Walking, for exercise, 3.6 to 4.4 mph (5.8 to 7.1 km/h), with ski poles, Nordic walking, level, moderate pace",5.3,
"pl","Walking","Walking, for exercise, 4.5 to 5.0 mph, with ski poles, Nordic walking, level, fast pace",8.5,
"pl","Walking","Walking, for exercise, with ski poles, Nordic walking, uphill, moderate pace",8.8,
"pl","Walking","Walking, for exercise, with ski poles, Nordic walking, level ground, carrying 20 to 30 lb load (9.0 to 15.0 kg)",10.8,
"pl","Walking","Walking, for exercise, with ski poles, Nordic walking, uphill, carrying 20 to 30 lb load (9.0 to 15.0 kg)",12.3,
"pl","Walking","Walking, backward, 3.5 mph, level",6.0,
"pl","Walking","Walking, backward, 3.5 mph, uphill, 5% grade",7.8,
"pl","Walking","Walking, Teabag walk, Monty Python Ministry of Silly Walks",8.0,
"pl","Walking","Walking, Putey walk, Monty Python Ministry of Silly Walks",3.5,
"pl","Walking","Walking, treadmill, less than 1.0 mph, 0% grade",2.1,
"pl","Walking","Walking, treadmill, 1.0 mph, 0% grade",2.3,
"pl","Walking","Walking, treadmill, 1.2 to 1.9 mph, 0% grade (1.9 to 3.0 km/h)",2.8,
"pl","Walking","Walking, treadmill, 2.0 to 2.4 mph (3.2 to 3.9 km/h), 0% grade",3.0,
"pl","Walking","Walking, treadmill, 2.5 to 2.9 mph (4.0 to 4.7 km/h), 0% grade",3.5,
"pl","Walking","Walking, treadmill, 3.0 to 3.4 mph (4.8 to 5.5 km/h), 0% grade",3.8,
"pl","Walking","Walking, treadmill, 3.5 to 3.9 mph (5.6 to 6.3 km/h), 0% grade",4.8,
"pl","Walking","Walking, treadmill, 4.0 to 4.4 mph (6.4 to 7.1 km/h), 0% grade",5.8,
"pl","Walking","Walking, treadmill, 4.5 to 4.9 mph (7.2 to 7.9 km/h), 0% grade",6.8,
"pl","Walking","Walking, treadmill, 5.0 to 5.5 mph (8.0 to 8.9 km/h), 0% grade",8.3,
"pl","Walking","Walking, treadmill, downhill (-3% to -12% grade), 2.8 to 3.1 mph",3.3,
"pl","Walking","Walking, treadmill, downhill (-5% to -25% grade), 2.8 mph, with Nordic Poles",3.3,
"pl","Walking","Walking, treadmill, 2.5 mph, 0% grade, 5 to 20 degrees C, 40 lb (18.2 kg) load",4.8,
"pl","Walking","Walking, treadmill, 2.5 mph, 0% grade, -10 to 0 degrees C, 40 lb (18.2 kg) load",5.8,
"pl","Walking","Walking, Curved treadmill, 3.0 to 5.0 mph, brisk pace",8.3,
"pl","Walking","Walking treadmill, backwards, 2.5 mph, +10% grade",7.8,
"pl","Walking","Walking, with a walker or step-to gait on treadmill, 0.7 mph (1.1 km/h), 0% grade",1.5,
"pl","Water Activities","Boating, power, driving ",2.5,
"pl","Water Activities","Boating, power, passenger, light ",1.3,
"pl","Water Activities","Canoeing, on camping trip (Taylor Code 270) ",4.0,
"pl","Water Activities","Canoeing, harvesting wild rice, knocking rice off the stalks ",3.3,
"pl","Water Activities","Canoeing, portaging ",7.0,
"pl","Water Activities","Canoeing, rowing, 2.0-3.9 mph, light effort ",2.8,
"pl","Water Activities","Canoeing, rowing, 4.0-5.9 mph, moderate effort ",5.8,
"pl","Water Activities","Canoeing, rowing, kayaking, competition, > 6 mph, vigorous effort ",12.5,
"pl","Water Activities","Canoeing, rowing, for pleasure, general (Taylor Code 250) ",3.5,
"pl","Water Activities","Canoeing or rowing, in competition, crew or sculling (Taylor Code 260) ",12.0,
"pl","Water Activities","Diving, springboard or platform ",3.0,
"pl","Water Activities","Kayaking, moderate effort ",5.0,
"pl","Water Activities","Kayaking, competition",13.5,
"pl","Water Activities","Kayaking, slalom, flat water",9.0,
"pl","Water Activities","Paddle boat ",4.0,
"pl","Water Activities","Rowing, simulated crew in a water tank, single oar, 33 strokes/min, ",15.5,
"pl","Water Activities","Rowing, single scull, ergometer, ergometer on slides, racing speed (32+ strokes/min, >10 mph)",15.5,
"pl","Water Activities","Sailing, boat and board sailing, windsurfing, ice sailing, general (Taylor Code 235) ",3.0,
"pl","Water Activities","Sailing, in competition, general  ",4.5,
"pl","Water Activities","Sailing, in competition, high effort",9.3,
"pl","Water Activities","Sailing, Sunfish/Laser/Hobby Cat, Keel boats, ocean sailing, yachting, leisure ",3.3,
"pl","Water Activities","Sailing, dingy",2.0,
"pl","Water Activities","Skiing, water or wake boarding (Taylor Code 220) ",6.0,
"pl","Water Activities","Jet skiing, driving, in water ",7.0,
"pl","Water Activities","Skindiving, fast ",15.8,
"pl","Water Activities","Skindiving, moderate ",11.8,
"pl","Water Activities","Skindiving, scuba diving, general (Taylor Code 310) ",7.0,
"pl","Water Activities","Scuba diving, general, light effort",5.3,
"pl","Water Activities","Scuba diving, general, moderate effort",5.8,
"pl","Water Activities","Scuba diving, professional diver",5.5,
"pl","Water Activities","Scuba diving, recreational diver",6.8,
"pl","Water Activities","Snorkeling (Taylor Code 320) ",5.0,
"pl","Water Activities","Surfing, body or board, general ",3.0,
"pl","Water Activities","Surfboard, paddling",6.8,
"pl","Water Activities","Surfing, body or board, competitive ",5.0,
"pl","Water Activities","Stand up paddle boarding, general ",6.5,
"pl","Water Activities","Stand up Paddleboard, standing, 10-19 strokes/min",2.8,
"pl","Water Activities","Stand up Paddleboard, standing, 20-29 strokes/min",3.8,
"pl","Water Activities","Stand up Paddleboard, standing, 30-39 strokes/min",5.0,
"pl","Water Activities","Stand up Paddleboard, standing, 40-49 strokes/min",9.8,
"pl","Water Activities","Stand up Paddleboard, standing, 50-69 strokes/min",11.0,
"pl","Water Activities","Swimming laps, freestyle, fast, vigorous effort ",9.8,
"pl","Water Activities","Swimming laps, freestyle, slow, recreational ",5.8,
"pl","Water Activities","Swimming, backstroke, training or competition ",9.5,
"pl","Water Activities","Swimming, backstroke, recreational ",4.8,
"pl","Water Activities","Swimming, breaststroke, general, training or  competition ",10.3,
"pl","Water Activities","Swimming breaststroke, recreational ",5.3,
"pl","Water Activities","Swimming, butterfly, general ",13.8,
"pl","Water Activities","Swimming, crawl, fast speed, ~75 yards/minute,  vigorous effort ",10.5,
"pl","Water Activities","Swimming, open water, 5k",10.5,
"pl","Water Activities","Swimming, crawl, medium speed, ~50 yards/minute, vigorous effort  ",8.00,
"pl","Water Activities","Swimming, crawl, slow speed, 30-45 yards/minute, moderate effort  ",5.8,
"pl","Water Activities","Swimming, crawl, elite swimmers, competition, >90 yards/minute",14.5,
"pl","Water Activities","Swimming, lake, ocean, river (Taylor Codes 280,  295) ",6.0,
"pl","Water Activities","Swimming, leisurely, not lap swimming, general ",6.0,
"pl","Water Activities","Swimming, sidestroke, general ",7.0,
"pl","Water Activities","Swimming, synchronized ",8.0,
"pl","Water Activities","Swimming, treading water, fast, vigorous effort ",9.8,
"pl","Water Activities","Swimming, treading water, moderate effort,  general ",3.5,
"pl","Water Activities","Tubing, floating on a river, general ",2.3,
"pl","Water Activities","Water aerobics, water calisthenics, general",5.5,
"pl","Water Activities","Water aerobics, resistance exercises",3.8,
"pl","Water Activities","Water aerobics, high intensity",7.5,
"pl","Water Activities","Water polo ",10.0,
"pl","Water Activities","Water volleyball ",3.0,
"pl","Water Activities","Water jogging, vigorous effort ",9.8,
"pl","Water Activities","Water walking, light effort, slow pace ",2.5,
"pl","Water Activities","Water walking, moderate effort, moderate pace ",4.8,
"pl","Water Activities","Water walking, vigorous effort, brisk pace ",6.8,
"pl","Water Activities","Whitewater rafting, kayaking, or canoeing ",5.0,
"pl","Water Activities","Water running, 30 steps/min, slow",6.5,
"pl","Water Activities","Water running, 40 steps/min, moderate",7.5,
"pl","Water Activities","Water running, 50 steps/min, fast",8.5,
"pl","Water Activities","Water running, 60 steps/min, very fast",9.8,
"pl","Water Activities","Windsurfing, not pumping for speed ",5.0,
"pl","Water Activities","Windsurfing or kitesurfing, crossing trial ",11.0,
"pl","Water Activities","Windsurfing, competition, pumping for speed ",14.0,
"pl","Water Activities","Aquatic cycling, 25 W, 40-50 RPM",2.8,
"pl","Water Activities","Aquatic cycling, 25 W, 60-70 RPM",4.8,
"pl","Water Activities","Aquatic cycling, 50 W, 40-50 RPM",3.8,
"pl","Water Activities","Aquatic cycling,  50 W, 60-70 RPM",6.0,
"pl","Water Activities","Aquatic cycling, 75 W, 40-50 RPM",5.0,
"pl","Water Activities","Aquatic cycling, 75 W, 60-70 RPM",6.3,
"pl","Water" Activities","Aquatic cycling, 100 W, 40-50 RPM",6.3,
"pl","Water" Activities","Aquatic cycling, 80-89 RPM",8.5,
"pl","Winter Activities","Dog sledding, mushing",7.5,
"pl","Winter Activities","Dog sledding, passenger",2.5,
"pl","Winter Activities","Moving icehouse, set up/drill holes",6.0,
"pl","Winter Activities","Ice fishing",2.0,
"pl","Winter Activities","Skating, ice dancing",14.0,
"pl","Winter Activities","Skating, ice, 9 mph or less",5.5,
"pl","Winter Activities","Skating, ice, general (Taylor Code 360)",7.0,
"pl","Winter Activities","Skating, ice, rapidly, more than 9 mph but not competitive",9.0,
"pl","Winter Activities","Skating Treadmill, 6 - 6.9 mph, 2% grade",9.0,
"pl","Winter Activities","Skating Treadmill, 7 - 7.9 mph, 2% grade",10.0,
"pl","Winter Activities","Skating Treadmill, 8 - 8.9 mph, 2% grade",10.5,
"pl","Winter Activities","Skating Treadmill, 9 - 9.9 mph, 2% grade",11.0,
"pl","Winter Activities","Skating, speed, competitive",13.8,
"pl","Winter Activities","Ski jumping, climb up carrying skis",7.0,
"pl","Winter Activities","Skiing, general",7.0,
"pl","Winter Activities","Skiing, cross country, 2.5 mph, slow or light effort, ski walking",6.8,
"pl","Winter Activities","Skiing, cross country, 4.0-4.9 mph, moderate speed and effort, general",8.5,
"pl","Winter Activities","Skiing, cross country, 5.0-7.9 mph, brisk speed, vigorous effort",11.3,
"pl","Winter Activities","Skiing, cross country, elite skier, >8.0-11.9 mph, racing",14.0,
"pl","Winter Activities","Skiing, cross country, 12-16 mph, elite skier, racing",16.0,
"pl","Winter Activities","Skiing, cross-country skiing high-intensity training",9.5,
"pl","Winter Activities","Skiing, cross country, hard snow, uphill, maximum, snow mountaineering",15.5,
"pl","Winter Activities","Skiing, cross-country, skating",13.3,
"pl","Winter Activities","Skiing, cross-country, biathlon, skating technique",13.5,
"pl","Winter Activities","Biathlon training, 5 degree incline, 8 km/h (5 mph), with/without rifle",12.8,
"pl","Winter Activities","Biathlon training, 5 degree incline, 10.7 km/h (5 mph), with/without rifle",12.8,
"pl","Winter Activities","Skiing, slalom",9.3,
"pl","Winter Activities","Skiing, downhill, alpine or snowboarding, light effort, active time only",4.3,
"pl","Winter Activities","Skiing, downhill, alpine or snowboarding, moderate effort, general, active time only",6.3,
"pl","Winter Activities","Skiing, downhill, alpine or snowboarding, vigorous effort, active time only",8.0,
"pl","Winter Activities","Skiing, Alpine skiing high-intensity training",7.3,
"pl","Winter Activities","Sledding, tobogganing, bobsledding, luge (Taylor Code 370)",7.0,
"pl","Winter Activities","Snow shoeing, moderate effort",5.3,
"pl","Winter Activities","Snow shoeing, vigorous effort",10.0,
"pl","Winter Activities","Snowmobiling, driving, moderate pace, flat land",3.8,
"pl","Winter Activities","Snowboarding, recreational, moderate pace, mountain",7.5,
"pl","Winter Activities","Snowmobiling, passenger, light",2.0,
"pl","Winter Activities","Snow shoveling, by hand, moderate effort",5.3,
"pl","Winter Activities","Snow shoveling, by hand, vigorous effort",7.5,
"pl","Winter Activities","Snow blower, walking and pushing",2.5,
"pl","Winter Activities","Skiing, roller, elite racers",12.5,
"pl","Winter Activities","Rollerskiing, 10 - 12.9 km/h, no incline",5.5,
"pl","Winter Activities","Rollerskiing, 13 - 16.9 km/h, no incline",6.8,
"pl","Winter Activities","Rollerskiing, 17 - 19.9 km/h, no incline",8.3,
"pl","Winter Activities","Rollerskiing, 20 - 23.9 km/h, no incline",10.5,
"pl","Winter Activities","Rollerskiing, 24 - 27.9 km/h, no incline",15.0,
"pl","Winter Activities","Rollerskiing, 10-15 km/h, 2-5 degree incline",12.5,
"pl","Winter Activities","Rollerskiing, 16-22 km/h, 2-5 degree incline",14.3,
"pl","Winter Activities","Rollerskiing, 6-9 km/h, 6-10 degree incline",12.3,
"pl","Winter Activities","Rollerskiing, >10 km/h, 6-10 degree incline",16.0,
"pl","Winter Activities","Mountaineering, downhill climbing, walking down with rope",9.0,
"pl","Winter Activities","Mountaineering, downhill climbing/cross-country skiing",10.3,
